k;N_k;t_zan;t_pr;delta_pr
1;13;34.66413;13.2098;0.27593
2;8;47.87393;0.0;0.0
3;10;38.48739;9.38654;0.19607
4;8;46.67232;1.20161;0.0251
5;11;25.3439;22.53003;0.47061
6;6;37.08482;10.78911;0.22537
